Portfolio,Total Return,Sharpe Ratio
Strategy,16.84%,0.881377302702085
Benchmark,10.10%,0.8460632351729589
