Model,MAE,RMSE,MAPE
ARIMA,54.21238356370192,68.76251775527726,21.854818320245165
LSTM,11.861844606418346,15.354826275595556,4.757183523849703
